name,homepage,citations,hindex,i10index,affiliation,score
Sunwoo Hong,https://scholar.google.co.kr/citations?user=Upnps1EAAAAJ&hl=en,,,,,82.112
Se-Young Yun,https://scholar.google.co.kr/citations?user=X_IAjb8AAAAJ&hl=en,,,,,73.566
Hyeji Kim,https://scholar.google.com/citations?user=uK5wa_EAAAAJ&hl=en,,,,,44.318
Ran Xu,https://scholar.google.com/citations?user=8973V0wAAAAJ&hl=en,,,,,56.478
Carl Yang,https://scholar.google.com/citations?user=8973V0wAAAAJ&hl=en,,,,,56.478
Yuanbin Wu,https://scholar.google.com/citations?user=8973V0wAAAAJ&hl=en,,,,,56.478
Junyong Lee,https://scholar.google.com/citations?user=8973V0wAAAAJ&hl=en,,,,,56.478
Jinwoo Park,https://scholar.google.com/citations?user=m3eDp7kAAAAJ&hl=en,,,,,146.553
Lianghao Xia,https://scholar.google.com/citations?user=fDDjoUEAAAAJ&hl=en,,,,,106.024
YuanHao Xiang,https://scholar.google.com/citations?user=8973V0wAAAAJ&hl=en,,,,,56.478
Yishuai Cai,https://scholar.google.com/citations?user=8973V0wAAAAJ&hl=en,,,,,56.478
Xingtao Wang,https://scholar.google.com/citations?user=8973V0wAAAAJ&hl=en,,,,,56.478
Hao Dong,https://scholar.google.com/citations?user=xLFL4sMAAAAJ&hl=en,,,,,108.4
Yaodong Yang,https://scholar.google.com/citations?user=tyIGaZ8AAAAJ&hl=en,,,,,78.849
Xiaopeng Fan,https://scholar.google.com/citations?user=4LsZhDgAAAAJ&hl=en,,,,,78.686
Guy Van den Broeck,https://scholar.google.cl/citations?user=d0KQ9z0AAAAJ&hl=en,,,,,108.983
Rakshit Trivedi,https://scholar.google.com/citations?user=Jq1MCAYAAAAJ&hl=en,,,,,31.81
David C. Parkes,https://scholar.google.com/citations?user=JUn8PgwAAAAJ&hl=nl,,,,,168.0
Lin Yang,https://scholar.google.co.uk/citations?user=9mlsUEoAAAAJ&hl=nl,,,,,66.0
Jie Wang,https://scholar.google.com/citations?user=OugG4dUAAAAJ&hl=en,,,,,77.268
Kehan Wang,https://scholar.google.com/citations?user=8973V0wAAAAJ&hl=en,,,,,56.478
Bin Wang,https://scholar.google.com/citations?user=tDajnHEAAAAJ&hl=en,,,,,120.131
Defu Lian,https://scholar.google.com/citations?user=QW0ad4sAAAAJ&hl=en,,,,,137.044
Bin Li,https://scholar.google.com/citations?user=ezERNR4AAAAJ&hl=en,,,,,45.445
Enhong Chen,https://scholar.google.co.uk/citations?user=40coXH4AAAAJ&hl=en,,,,,60.538
Hugo Negrel,https://scholar.google.com/citations?user=8973V0wAAAAJ&hl=en,,,,,56.478
Eric Vanden-Eijnden,https://scholar.google.com/citations?user=A5Gx65gAAAAJ&hl=en,,,,,186.133
Jin Wang,https://scholar.google.com/citations?user=EMRliDsAAAAJ&hl=en,,,,,120.482
Shifeng Zhang,https://scholar.google.com/citations?user=1rbNk5oAAAAJ,,,,,92.011
Zhenguo Li,https://scholar.google.co.uk/citations?user=VZHxoh8AAAAJ&hl=en,,,,,172.892
Ping Luo,https://scholar.google.com/citations?user=aXdjxb4AAAAJ&hl=en,,,,,304.0
Yasar Utku Alcalar,https://scholar.google.com/citations?user=8973V0wAAAAJ&hl=en,,,,,56.478
Merve Gulle,https://scholar.google.com/citations?user=8973V0wAAAAJ&hl=en,,,,,56.478
Mehmet Akcakaya,https://scholar.google.com/citations?user=x-q3XC4AAAAJ&hl=en,,,,,87.426
Danny Driess,https://scholar.google.com/citations?user=wxnzyjwAAAAJ&hl=en,,,,,97.598
Jost Tobias Springenberg,https://scholar.google.com/citations?user=cCYTVWQAAAAJ&hl=en,,,,,71.528
LILI YU,https://scholar.google.com/citations?user=wY932-AAAAAJ&hl=en,,,,,67.841
Adrian Li-Bell,https://scholar.google.com/citations?user=y5CYHvoAAAAJ&hl=en,,,,,100.06700000000001
Karl Pertsch,https://scholar.google.com/citations?user=3oe0I0QAAAAJ&hl=en,,,,,83.885
Allen Z. Ren,https://scholar.google.ae/citations?user=mgMzkYMAAAAJ&hl=en,,,,,40.355
Quan Vuong,https://scholar.google.com/citations?user=NSWI3OwAAAAJ&hl=en,,,,,99.617
Yifan Cheng,https://scholar.google.com/citations?user=PMeFEOIAAAAJ&hl=en,,,,,50.92
Hye-jin Shim,https://scholar.google.com/citations?user=MSIvlNoAAAAJ&hl=en,,,,,48.552
Samuele Cornell,https://scholar.google.com/citations?user=E_a3VB4AAAAJ&hl=en,,,,,49.084
Yiwen Zhao,https://scholar.google.co.uk/citations?user=dYhN8FIAAAAJ&hl=en,,,,,168.613
Siddhant Arora,https://scholar.google.com/citations?user=U5xRA6QAAAAJ&hl=en,,,,,234.851
Shinji Watanabe,https://scholar.google.com.sg/citations?user=U5xRA6QAAAAJ&hl=en,,,,,234.851
Seunghyeok Shin,https://scholar.google.com/citations?user=8973V0wAAAAJ&hl=en,,,,,56.478
Dabin Kim,https://scholar.google.co.uk/citations?user=6CJeyYUAAAAJ&hl=en,,,,,50.473
Mahdi Soltanolkotabi,https://scholar.google.com/citations?user=narJyMAAAAAJ&hl=en,,,,,110.48
Trong Nghia Hoang,https://scholar.google.com/citations?user=E-kZZeQAAAAJ&hl=en,,,,,48.911
George Rapakoulias,https://scholar.google.com/citations?user=8973V0wAAAAJ&hl=en,,,,,56.478
Fengjiao Liu,https://scholar.google.com/citations?user=TNsLn_QAAAAJ&hl=en,,,,,97.92699999999999
Lingjiong Zhu,https://scholar.google.com.co/citations?user=Z9JkFaoAAAAJ&hl=en,,,,,62.69
Panagiotis Tsiotras,https://scholar.google.com/citations?user=cyRBMkkAAAAJ&hl=en,,,,,77.163
Xingliang Wang,https://scholar.google.com/citations?user=8973V0wAAAAJ&hl=en,,,,,56.478
Jiajun Wu,https://scholar.google.co.uk/citations?user=WzMKIOQAAAAJ&hl=en,,,,,42.328
Daniel LK Yamins,https://scholar.google.com/citations?user=8973V0wAAAAJ&hl=en,,,,,56.478
Angela McCarthy,https://scholar.google.com/citations?user=8973V0wAAAAJ&hl=en,,,,,56.478
Gabriel Gomide,https://scholar.google.com/citations?user=8973V0wAAAAJ&hl=en,,,,,56.478
Jedrzej Golebka,https://scholar.google.com/citations?user=8973V0wAAAAJ&hl=en,,,,,56.478
Royce Chen,https://scholar.google.com/citations?user=8U_JqqkAAAAJ&hl=en,,,,,50.44
He Wang,https://scholar.google.com/citations?user=Y8O9N_0AAAAJ&hl=en,,,,,204.922
Shaomeng Wang,https://scholar.google.com/citations?user=JAHZ93wAAAAJ&hl=en,,,,,173.102
Mark Ibrahim,https://scholar.google.co.in/citations?user=AqYyoCMAAAAJ&hl=en,,,,,49.295
Tommaso Biancalani,https://scholar.google.co.th/citations?user=s_qd9x0AAAAJ&hl=en,,,,,70.235
Aviv Regev,https://scholar.google.com/citations?user=8973V0wAAAAJ&hl=en,,,,,56.478
Randall Balestriero,https://scholar.google.com/citations?user=S1x_xqcAAAAJ&hl=en,,,,,66.109
Josselin Garnier,https://scholar.google.com/citations?user=nJDy0O8AAAAJ&hl=en,,,,,122.111
Maarten V. de Hoop,https://scholar.google.com/citations?user=El9s8sIAAAAJ&hl=en,,,,,115.736
Jeffrey Ouyang-Zhang,https://scholar.google.com/citations?user=8973V0wAAAAJ&hl=en,,,,,56.478
Krithika Ravishankar,https://scholar.google.com/citations?user=8973V0wAAAAJ&hl=en,,,,,56.478
Adam Klivans,https://scholar.google.com/citations?user=UD87zMYAAAAJ&hl=en,,,,,94.149
Daniel Jesus Diaz,https://scholar.google.com/citations?user=lVD0CNEAAAAJ&hl=en,,,,,32.019
Florian Redhardt,https://scholar.google.com/citations?user=8973V0wAAAAJ&hl=en,,,,,56.478
Rémi Emonet,https://scholar.google.com/citations?user=TOqZIGgAAAAJ&hl=en,,,,,50.19
Riccardo De Santi,https://scholar.google.com/citations?user=UpK8srAAAAAJ&hl=en,,,,,97.588
Ya-Ping Hsieh,https://scholar.google.com/citations?user=NcYQEg8AAAAJ&hl=en,,,,,63.657
Niao He,https://scholar.google.com/citations?user=iNcA81MAAAAJ&hl=en,,,,,74.696
Andreas Krause,https://scholar.google.com/citations?user=eDHv58AAAAAJ&hl=en,,,,,280.0
Marc Mezard,https://scholar.google.com/citations?user=D83Vz00AAAAJ&hl=fr,,,,,38.29
Antonio Torralba,https://scholar.google.com/citations?user=8cxDHS4AAAAJ&hl=en,,,,,368.0
Georg Martius,https://scholar.google.com/citations?user=b-JF-UIAAAAJ&hl=en,,,,,87.841
Emre Ugur,https://scholar.google.com/citations?user=B1Dy3WMAAAAJ&hl=en,,,,,65.375
Julius Berner,https://scholar.google.com.sg/citations?user=73-D2jgAAAAJ&hl=en,,,,,44.888
Yuanqi Du,https://scholar.google.com/citations?user=fAc_zZMAAAAJ&hl=en,,,,,68.6
Arash Vahdat,https://scholar.google.com.co/citations?user=p9-nlRIAAAAJ&hl=en,,,,,113.241
Gerhard Neumann,https://scholar.google.com/citations?user=GL360kMAAAAJ&hl=en,,,,,117.773
Yanning Shen,https://scholar.google.com/citations?user=MfzntAIAAAAJ&hl=en,,,,,56.698
Yongxin Chen,https://scholar.google.com/citations?user=2z7iDDUAAAAJ&hl=en,,,,,100.322
Ricky T. Q. Chen,https://scholar.google.co.uk/citations?user=ePlkGmUAAAAJ&hl=de,,,,,80.0
Lorenzo Basile,https://scholar.google.co.uk/citations?user=MgddEm8AAAAJ&hl=en,,,,,45.562
Francesco Locatello,https://scholar.google.com/citations?user=wQanfTIAAAAJ&hl=en,,,,,91.39
Kaibo Wang,https://scholar.google.com/citations?user=8973V0wAAAAJ&hl=en,,,,,56.478
Jianda Mao,https://scholar.google.com/citations?user=8973V0wAAAAJ&hl=en,,,,,56.478
Yang Xiang,https://scholar.google.com/citations?user=7ymTWY4AAAAJ&hl=en,,,,,209.179
Michalis Michaelides,https://scholar.google.com/citations?user=jyykiFIAAAAJ&hl=en,,,,,61.463
Nicholas Lubbers,https://scholar.google.com/citations?user=GqsjmI8AAAAJ&hl=en,,,,,75.202
Cengiz Pehlevan,https://scholar.google.com/citations?user=veDLTPEAAAAJ&hl=en,,,,,82.608
Chongming Gao,https://scholar.google.com/citations?user=eaGLJ-UAAAAJ&hl=en,,,,,42.027
Fuli Feng,https://scholar.google.com.tr/citations?user=QePM4u8AAAAJ&hl=en,,,,,165.35399999999998
Tobias Würth,https://scholar.google.com/citations?user=8973V0wAAAAJ&hl=en,,,,,56.478
Luise Kärger,https://scholar.google.com/citations?user=EcLF1FMAAAAJ&hl=en,,,,,72.464
Dian Wang,https://scholar.google.com/citations?user=8973V0wAAAAJ&hl=en,,,,,56.478
Hieu Trung Nguyen,https://scholar.google.com/citations?user=tQH_vQsAAAAJ&hl=en,,,,,73.72
Ruifeng She,https://scholar.google.com/citations?user=8973V0wAAAAJ&hl=en,,,,,56.478
Xiaojin Fu,https://scholar.google.com/citations?user=8973V0wAAAAJ&hl=en,,,,,56.478
Viet Anh Nguyen,https://scholar.google.com/citations?user=3iyf-EoAAAAJ&hl=en,,,,,48.215
Wei Zhai,https://scholar.google.co.uk/citations?user=oASN6jsAAAAJ&hl=en,,,,,117.242
Zengyu Wan,https://scholar.google.com/citations?user=8973V0wAAAAJ&hl=en,,,,,56.478
Tianzhu Zhang,https://scholar.google.com/citations?user=9sCGe-gAAAAJ&hl=en,,,,,159.36599999999999
Zheng-Jun Zha,https://scholar.google.com/citations?user=lOWByxoAAAAJ&hl=en,,,,,154.922
Amir Zandieh,https://scholar.google.com.sg/citations?user=S9Ss8M8AAAAJ&hl=en,,,,,37.881
Michael Kapralov,https://scholar.google.com/citations?user=wEUnFc0AAAAJ&hl=en,,,,,75.748
Chen Gao,https://scholar.google.com/citations?user=Af60_cEAAAAJ&hl=en,,,,,98.304
Wei Wu,https://scholar.google.com/citations?user=IKoa5qAAAAAJ&hl=en,,,,,40.382
Jian Xie,https://scholar.google.com/citations?user=8973V0wAAAAJ&hl=en,,,,,56.478
Yikai Zhang,https://scholar.google.com/citations?user=8973V0wAAAAJ&hl=en,,,,,56.478
Kai Zhang,https://scholar.google.com/citations?user=aczsdMIAAAAJ&hl=en,,,,,130.939
Yu Su,https://scholar.google.com/citations?user=rIh5OqoAAAAJ&hl=en,,,,,117.822
Yanghua Xiao,https://scholar.google.com/citations?user=odFW4FoAAAAJ&hl=en,,,,,114.434
Ruizhi Shao,https://scholar.google.com/citations?user=Nm5TEGYAAAAJ&hl=en,,,,,38.129
Wei MIN,https://scholar.google.com/citations?user=uoFJiUQAAAAJ&hl=en,,,,,142.597
Yebin Liu,https://scholar.google.com/citations?user=ogXIdlYAAAAJ&hl=en,,,,,158.317
Qingyao Wu,https://scholar.google.com/citations?user=UKqaI5IAAAAJ&hl=en,,,,,93.267
Hsi-Ling Chen,https://scholar.google.com/citations?user=8973V0wAAAAJ&hl=en,,,,,56.478
Chun-Shien Lu,https://scholar.google.com.ec/citations?user=3iOHvUAAAAAJ&hl=en,,,,,88.637
Pau-Choo Chung,https://scholar.google.com/citations?user=RqfodmYAAAAJ&hl=en,,,,,96.456
Jongwon Jeong,https://scholar.google.com/citations?user=8973V0wAAAAJ&hl=en,,,,,56.478
Jaewoong Cho,https://scholar.google.com/citations?user=8973V0wAAAAJ&hl=en,,,,,56.478
Sung Ju Hwang,https://scholar.google.com/citations?user=RP4Qx3QAAAAJ&hl=en,,,,,138.44
Jun Zhao,https://scholar.google.com/citations?user=Ue1WSaYAAAAJ&hl=en,,,,,89.313
Yongzhuo Yang,https://scholar.google.com/citations?user=8973V0wAAAAJ&hl=en,,,,,56.478
Xiang Hu,https://scholar.google.co.in/citations?user=_qFAk8AAAAAJ&hl=en,,,,,139.619
Jingqi Tong,https://scholar.google.com/citations?user=8973V0wAAAAJ&hl=en,,,,,56.478
Yi Lu,https://scholar.google.com/citations?user=kIXHwsUAAAAJ&hl=en,,,,,304.0
Tao Gui,https://scholar.google.com/citations?user=X3mxGwEAAAAJ&hl=en,,,,,46.32
Xuanjing Huang,https://scholar.google.com/citations?user=8973V0wAAAAJ&hl=en,,,,,56.478
Joey Bose,https://scholar.google.com.tw/citations?user=ybPyI7IAAAAJ&hl=en,,,,,54.73
Valentin De Bortoli,https://scholar.google.com/citations?user=dn_F9I4AAAAJ&sortby=pubdate,,,,,71.774
Arnaud Doucet,https://scholar.google.com/citations?user=W4SZGV8AAAAJ&hl=en,,,,,252.0
Michael M. Bronstein,https://scholar.google.com/citations?user=UU3N6-UAAAAJ&hl=en&oi=ao,,,,,260.0
Dominique Beaini,https://scholar.google.com/citations?user=ScCOIx0AAAAJ&hl=en,,,,,37.528999999999996
Siamak Ravanbakhsh,https://scholar.google.com/citations?user=VciG3C8AAAAJ&hl=en,,,,,61.464
Alexander Tong,https://scholar.google.co.in/citations?user=CS80pt4AAAAJ&hl=en,,,,,65.288
Sungjin Ahn,https://scholar.google.com/citations?user=nfHyDeUAAAAJ&hl=en,,,,,74.631
Yoshua Bengio,https://scholar.google.com/citations?user=kukA0LcAAAAJ&hl=en,,,,,558.0
Xi Chen,https://scholar.google.co.in/citations?user=RFDBl4kAAAAJ&hl=en,,,,,111.236
Ruiqi Wang,https://scholar.google.com/citations?user=tsvvR1MAAAAJ&hl=en,,,,,23.490000000000002
Dezhong Zhao,https://scholar.google.com/citations?user=ydq4ZjYAAAAJ&hl=en,,,,,69.609
Ziqin Yuan,https://scholar.google.com/citations?user=8973V0wAAAAJ&hl=en,,,,,56.478
Tianyu Shao,https://scholar.google.com/citations?user=8973V0wAAAAJ&hl=en,,,,,56.478
Dominic Kao,https://scholar.google.com.co/citations?user=lP0yjhQAAAAJ&hl=en,,,,,47.537
Sungeun Hong,https://scholar.google.com/citations?user=CD27PpoAAAAJ&hl=en,,,,,36.704
Byung-Cheol Min,https://scholar.google.co.in/citations?user=eiAeSiAAAAAJ&hl=en,,,,,61.29
Arnav Kumar Jain,https://scholar.google.com/citations?user=tu7wKckAAAAJ&hl=en,,,,,22.863
Sanjiban Choudhury,https://scholar.google.com/citations?user=5lB_d78AAAAJ&hl=en,,,,,63.311
Yeongbin Seo,https://scholar.google.com/citations?user=8973V0wAAAAJ&hl=en,,,,,56.478
Dongha Lee,https://scholar.google.com/citations?user=driVwKwAAAAJ&hl=ko,,,,,46.0
Jinyoung Yeo,https://scholar.google.com/citations?user=rJBSLtAAAAAJ&hl=en,,,,,43.304
Jiawei Zhou,https://scholar.google.com/citations?user=Z37zNm0AAAAJ&hl=en,,,,,101.656
Ali Anwar,https://scholar.google.com/citations?user=a1_bvUUAAAAJ&hl=en,,,,,49.892
Yupeng Zhang,https://scholar.google.com/citations?user=nLnKIikAAAAJ&hl=en,,,,,54.916
Han Liu,https://scholar.google.com/citations?user=XaFT1o4AAAAJ&hl=en,,,,,165.916
Bingning Wang,https://scholar.google.com/citations?user=8973V0wAAAAJ&hl=en,,,,,56.478
Dianhui Chu,https://scholar.google.com/citations?user=8973V0wAAAAJ&hl=en,,,,,56.478
Cong Wei,https://scholar.google.com/citations?user=y1d5C5YAAAAJ&hl=en,,,,,29.432
Bo Sun,https://scholar.google.com/citations?user=8QGQ5FcAAAAJ&hl=en,,,,,28.194
Felix Juefei-Xu,https://scholar.google.co.id/citations?user=dgN8vtwAAAAJ&hl=en,,,,,111.319
Zecheng He,https://scholar.google.com/citations?user=tcwZh8oAAAAJ&hl=en&oi=ao,,,,,38.327
Xiaoliang Dai,https://scholar.google.com/citations?user=u4olrOcAAAAJ&hl=en,,,,,69.328
Tingbo Hou,https://scholar.google.com/citations?user=u-UDZcsAAAAJ&hl=en,,,,,56.778999999999996
Peter Vajda,https://scholar.google.com/citations?user=4aPgcSUAAAAJ&hl=en,,,,,43.456
Liangchen Song,https://scholar.google.com/citations?user=Kl4T9FYAAAAJ&hl=en,,,,,45.066
Jiasen Lu,https://scholar.google.com.pe/citations?user=zP9K32EAAAAJ&hl=en,,,,,85.623
Rui Qian,https://scholar.google.com/citations?user=HrzHNbAAAAAJ&hl=en,,,,,31.232
Tsu-Jui Fu,https://scholar.google.com/citations?user=7QRDcC0AAAAJ&hl=en,,,,,54.037
Xinze Wang,https://scholar.google.com/citations?user=8973V0wAAAAJ&hl=en,,,,,56.478
Wei Liu,https://scholar.google.com.sg/citations?user=nGDUr3kAAAAJ&hl=en,,,,,76.661
Yinfei Yang,https://scholar.google.co.in/citations?user=kvDbu90AAAAJ&hl=en,,,,,120.482
Alex Schwing,https://scholar.google.com.tw/citations?user=3B2c31wAAAAJ&hl=en,,,,,186.451
Stefano Zampini,https://scholar.google.co.th/citations?user=Hp-WEuoAAAAJ&hl=en,,,,,60.478
Luca Oneto,https://scholar.google.com/citations?user=6iuNKAIAAAAJ&hl=en,,,,,109.478
Davide Anguita,https://scholar.google.com/citations?user=8v2Jpf0AAAAJ&hl=en,,,,,108.604
Ferdinando Fioretto,https://scholar.google.com/citations?user=ASf9Q04AAAAJ&hl=en,,,,,66.015
Jiawei Ren,https://scholar.google.com/citations?user=YUKPVCoAAAAJ&hl=en,,,,,49.638
Yan Zhuang,https://scholar.google.com/citations?user=y8Z43QcAAAAJ&hl=en,,,,,58.764
Xuhong He,https://scholar.google.com/citations?user=8973V0wAAAAJ&hl=en,,,,,56.478
Yiqing Yang,https://scholar.google.com/citations?user=8973V0wAAAAJ&hl=en,,,,,56.478
Xianrui Zhong,https://scholar.google.com/citations?user=8973V0wAAAAJ&hl=en,,,,,56.478
Eric Liu,https://scholar.google.com/citations?user=8973V0wAAAAJ&hl=en,,,,,56.478
Rajiv Mandya Nagaraju,https://scholar.google.com/citations?user=8973V0wAAAAJ&hl=en,,,,,56.478
Dhruv Vivek Sharma,https://scholar.google.com/citations?user=8973V0wAAAAJ&hl=en,,,,,56.478
Tianmin Shu,https://scholar.google.com.gt/citations?user=YT_ffdwAAAAJ&hl=en,,,,,59.863
Zhiting Hu,https://scholar.google.com.ec/citations?user=N7_xhHoAAAAJ&hl=en,,,,,128.993
Christopher D Manning,https://scholar.google.co.in/citations?user=1zmDOdwAAAAJ&hl=en&oi=ao,,,,,404.0
Christopher Potts,https://scholar.google.com/citations?user=3j08YoAAAAAJ&hl=en,,,,,194.0
Changsheng Wang,https://scholar.google.com/citations?user=8973V0wAAAAJ&hl=en,,,,,56.478
Sijia Liu,https://scholar.google.com/citations?user=C7dO_UgAAAAJ&hl=en,,,,,143.908
Daniel D. Richman,https://scholar.google.com/citations?user=8973V0wAAAAJ&hl=en,,,,,56.478
Jessica Karaguesian,https://scholar.google.com/citations?user=8973V0wAAAAJ&hl=en,,,,,56.478
Ron O. Dror,https://scholar.google.com/citations?user=GTmdNU0AAAAJ&hl=en,,,,,248.0
Pengrun Huang,https://scholar.google.com/citations?user=8973V0wAAAAJ&hl=en,,,,,56.478
Kamalika Chaudhuri,https://scholar.google.com/citations?user=X8H76XIAAAAJ&hl=en,,,,,120.993
Qinqing Zheng,https://scholar.google.co.id/citations?user=Jwnl3v0AAAAJ&hl=en,,,,,34.132
Dmitry Guskov,https://scholar.google.com/citations?user=8973V0wAAAAJ&hl=en,,,,,56.478
Qingru Zhang,https://scholar.google.com/citations?user=7YM-faYAAAAJ&hl=en,,,,,28.471
Han Cai,https://scholar.google.com/citations?user=8973V0wAAAAJ&hl=en,,,,,56.478
Weiyuan Xu,https://scholar.google.com/citations?user=8973V0wAAAAJ&hl=en,,,,,56.478
Tushar Krishna,https://scholar.google.com/citations?user=P__ztgcAAAAJ&hl=en,,,,,126.687
Yilun Du,https://scholar.google.com.ar/citations?user=GRMMc_MAAAAJ&hl=en,,,,,143.008
Tsachy Weissman,https://scholar.google.com/citations?user=nTiSnwUAAAAJ&hl=en,,,,,117.221
Murat A Erdogdu,https://scholar.google.com.tr/citations?user=Lqc4cdAAAAAJ&hl=en,,,,,72.132
Richard E. Turner,https://scholar.google.com.co/citations?user=DgLEyZgAAAAJ&hl=en,,,,,135.489
Roger Baker Grosse,https://scholar.google.com/citations?user=8973V0wAAAAJ&hl=en,,,,,56.478
Gleb Rodionov,https://scholar.google.com/citations?user=8973V0wAAAAJ&hl=en,,,,,56.478
Roman Garipov,https://scholar.google.com/citations?user=8973V0wAAAAJ&hl=en,,,,,56.478
Erik Schultheis,https://scholar.google.com/citations?user=8973V0wAAAAJ&hl=en,,,,,56.478
Dan Alistarh,https://scholar.google.ru/citations?user=75q-6ZQAAAAJ&hl=en,,,,,110.221
Abdelrahman Eldesokey,https://scholar.google.com.co/citations?user=9tP8jsUAAAAJ&hl=en,,,,,24.582
Bernard Ghanem,https://scholar.google.com/citations?user=rVsGTeEAAAAJ&hl=en,,,,,218.207
Peter Wonka,https://scholar.google.com/citations?user=0EKXSXgAAAAJ&hl=en&oe=ASCII,,,,,188.39
Lin Guo,https://scholar.google.co.in/citations?user=EMLfs3sAAAAJ&hl=en,,,,,54.494
Wei Xie,https://scholar.google.com/citations?user=RD0bucUAAAAJ&hl=en,,,,,47.321
Rui Wang,https://scholar.google.com/citations?user=IdNvgY0AAAAJ&hl=en,,,,,67.428
Xinmei Tian,https://scholar.google.com/citations?user=-tels3wAAAAJ&hl=en,,,,,106.42099999999999
Mingming Gong,https://scholar.google.co.id/citations?user=6BmiCJIAAAAJ&hl=en,,,,,130.036
Kun Zhang,https://scholar.google.com/citations?user=RGoypN4AAAAJ&hl=en,,,,,192.054
Bo Han,https://scholar.google.com/citations?user=BhRa314AAAAJ&hl=en,,,,,93.712
Rui Xu,https://scholar.google.com/citations?user=8973V0wAAAAJ&hl=en,,,,,56.478
Xintao Wang,https://scholar.google.com/citations?user=FQgZpQoAAAAJ&hl=en,,,,,161.177
Jiangjie Chen,https://scholar.google.com/citations?user=8973V0wAAAAJ&hl=en,,,,,56.478
Jun Luo,https://scholar.google.com/citations?user=HX4WvTUAAAAJ&hl=en,,,,,165.387
Hanwang Zhang,https://scholar.google.com/citations?user=8973V0wAAAAJ&hl=en,,,,,56.478
Chao Ma,https://scholar.google.com/citations?user=UWGWla4AAAAJ&hl=en,,,,,67.926
Xiaoqian Shen,https://scholar.google.com/citations?user=uToGtIwAAAAJ&hl=en,,,,,33.141
Wenxuan Zhang,https://scholar.google.co.in/citations?user=tr7MWA4AAAAJ&hl=en,,,,,67.393
Mohamed Elhoseiny,https://scholar.google.co.kr/citations?user=iRBUTOAAAAAJ&hl=en,,,,,126.14099999999999
Zhiwei Jiang,https://scholar.google.com/citations?user=gkGJld8AAAAJ&hl=en,,,,,23.740000000000002
Yafeng Yin,https://scholar.google.com/citations?user=v5CGgS8AAAAJ&hl=en,,,,,43.245
Fei Shen,https://scholar.google.com/citations?user=8973V0wAAAAJ&hl=en,,,,,56.478
Zifeng Cheng,https://scholar.google.com/citations?user=8973V0wAAAAJ&hl=en,,,,,56.478
Shiwei Gan,https://scholar.google.com/citations?user=8973V0wAAAAJ&hl=en,,,,,56.478
Qing Gu,https://scholar.google.com/citations?user=v4PJRkwAAAAJ&hl=en,,,,,53.309
Chunlong Xie,https://scholar.google.com/citations?user=8973V0wAAAAJ&hl=en,,,,,56.478
Kangjie Chen,https://scholar.google.com/citations?user=8973V0wAAAAJ&hl=en,,,,,56.478
Shangwei Guo,https://scholar.google.com/citations?user=wQrVkBYAAAAJ&hl=en&oi=sra,,,,,50.544
Shudong Zhang,https://scholar.google.com/citations?user=LN8jXIMAAAAJ&hl=en,,,,,50.109
Tianwei Zhang,https://scholar.google.com/citations?user=8973V0wAAAAJ&hl=en,,,,,56.478
Tao Xiang,https://scholar.google.com/citations?user=tiZRS6wAAAAJ&hl=en,,,,,161.034
Xiaolu Zhang,https://scholar.google.com/citations?user=cAz9PToAAAAJ&hl=en,,,,,46.667
JUN ZHOU,https://scholar.google.com/citations?user=mCVvloEAAAAJ&hl=en,,,,,132.734
Yankai Lin,https://scholar.google.com/citations?user=j8K1FqEAAAAJ&hl=en,,,,,157.268
Ji-Rong Wen,https://scholar.google.co.in/citations?user=tbxCHJgAAAAJ&hl=de,,,,,214.0
Chongxuan Li,https://scholar.google.ru/citations?user=UKMcQn4AAAAJ&hl=en,,,,,97.207
Jiaxin Ye,https://scholar.google.com/citations?user=61ojjxkAAAAJ&hl=en,,,,,48.131
Yujie Wei,https://scholar.google.com/citations?user=TzDqygsAAAAJ&hl=en,,,,,126.571
Hongming Shan,https://scholar.google.com/citations?user=RYfSzKwAAAAJ&hl=en,,,,,102.747
Liao Pengfei,https://scholar.google.com/citations?user=8973V0wAAAAJ&hl=en,,,,,56.478
Jian Li,https://scholar.google.com/citations?user=zX7i1EkAAAAJ&hl=en,,,,,121.565
mingxiang cai,https://scholar.google.com/citations?user=8973V0wAAAAJ&hl=en,,,,,56.478
Xiaoqin Zhang,https://scholar.google.com/citations?user=8973V0wAAAAJ&hl=en,,,,,56.478
Shijian Lu,https://scholar.google.com.sg/citations?user=uYmK-A0AAAAJ&hl=en,,,,,199.831
Wenxuan Shi,https://scholar.google.com/citations?user=9NmdkmwAAAAJ&hl=en,,,,,53.835
Hanting Chen,https://scholar.google.ae/citations?user=wZ9N88gAAAAJ&hl=en,,,,,76.526
Xiaozhe Ren,https://scholar.google.com/citations?user=3t2j87YAAAAJ&hl=en,,,,,40.106
Yasheng Wang,https://scholar.google.com/citations?user=x-UYeJ4AAAAJ&hl=en,,,,,70.33
Lifeng Shang,https://scholar.google.com.au/citations?user=I2VgvqQAAAAJ&hl=en,,,,,47.886
Yuhang Wu,https://scholar.google.com/citations?user=8973V0wAAAAJ&hl=en,,,,,56.478
Chaoyi Zhu,https://scholar.google.com/citations?user=ik8ZHka2dicC&hl=en,,,,,52.664
Huijuan Wang,https://scholar.google.com/citations?user=8973V0wAAAAJ&hl=en,,,,,56.478
Lydia Y. Chen,https://scholar.google.com/citations?user=8973V0wAAAAJ&hl=en,,,,,56.478
Ivan Skorokhodov,https://scholar.google.com/citations?user=21lY5uIAAAAJ&hl=en,,,,,55.334
Willi Menapace,https://scholar.google.com/citations?user=31ha1LgAAAAJ&hl=en,,,,,48.574
Igor Gilitschenski,https://scholar.google.com/citations?user=Nuw1Y4oAAAAJ&hl=de,,,,,84.0
Sergey Tulyakov,https://scholar.google.com/citations?user=mgzXR0sAAAAJ&hl=en,,,,,120.503
Aliaksandr Siarohin,https://scholar.google.com/citations?user=uMl5-k4AAAAJ&hl=en,,,,,69.01
Jing Wang,https://scholar.google.com.my/citations?user=aRiWP4MAAAAJ&hl=en,,,,,37.048
Ke Cao,https://scholar.google.co.in/citations?user=4JHJ23gAAAAJ&hl=en,,,,,73.916
Zhanjie Zhang,https://scholar.google.com/citations?user=8973V0wAAAAJ&hl=en,,,,,56.478
Wanyuan Pang,https://scholar.google.com/citations?user=8973V0wAAAAJ&hl=en,,,,,56.478
Xiaodan Liang,https://scholar.google.com.tr/citations?user=voxznZAAAAAJ&hl=en,,,,,246.937
Jiayi Ma,https://scholar.google.com/citations?user=73trMQkAAAAJ&hl=en,,,,,254.0
Guangcan Liu,https://scholar.google.com.my/citations?user=PaFLL10AAAAJ&hl=en,,,,,92.531
Rui Qin,https://scholar.google.com/citations?user=8973V0wAAAAJ&hl=en,,,,,56.478
Jun-Hai Yong,https://scholar.google.com.co/citations?user=pBCA92wAAAAJ&hl=en,,,,,78.451
Nikhil Gandudi Suresh,https://scholar.google.com/citations?user=8973V0wAAAAJ&hl=en,,,,,56.478
Yash Belhe,https://scholar.google.com/citations?user=8973V0wAAAAJ&hl=en,,,,,56.478
Priyanka Nagasamudra,https://scholar.google.com/citations?user=8973V0wAAAAJ&hl=en,,,,,56.478
Nicholas Antipa,https://scholar.google.com/citations?user=15xSd1gAAAAJ&hl=en,,,,,40.166
Lingkai Kong,https://scholar.google.com/citations?user=8973V0wAAAAJ&hl=en,,,,,56.478
Tonghan Wang,https://scholar.google.com/citations?user=-AR1yc4AAAAJ&hl=en,,,,,38.212
Milind Tambe,https://scholar.google.com/citations?user=YOVZiJkAAAAJ&hl=en,,,,,247.65800000000002
Vivek Ramanujan,https://scholar.google.com/citations?user=yXFPyNMAAAAJ,,,,,30.977
Kushal Tirumala,https://scholar.google.com/citations?user=B8WLbLsAAAAJ&hl=en,,,,,37.53
Armen Aghajanyan,https://scholar.google.com.tr/citations?user=KxQfzRcAAAAJ&hl=en,,,,,55.249
Luke Zettlemoyer,https://scholar.google.co.in/citations?user=UjpbO6IAAAAJ&hl=en,,,,,332.0
Ali Farhadi,https://scholar.google.com/citations?user=jeOFRDsAAAAJ&hl=en&ref=www1.labellerr.com,,,,,248.0
Aleix Cambray,https://scholar.google.com/citations?user=8973V0wAAAAJ&hl=en,,,,,56.478
Andrei Cristian Nica,https://scholar.google.com/citations?user=8973V0wAAAAJ&hl=en,,,,,56.478
David Barber,https://scholar.google.co.id/citations?user=Nej1FcgAAAAJ&hl=en,,,,,149.618
Justin Solomon,https://scholar.google.com/citations?user=ZBvfqsIAAAAJ&hl=en,,,,,53.179
Vincent Sitzmann,https://scholar.google.com.co/citations?user=X44QVV4AAAAJ&hl=en,,,,,82.087
Satpreet Harcharan Singh,https://scholar.google.com/citations?user=8973V0wAAAAJ&hl=en,,,,,56.478
Kanaka Rajan,https://scholar.google.co.in/citations?user=IC6n33kAAAAJ&hl=en,,,,,49.946
Nikita Bukhal,https://scholar.google.com/citations?user=8973V0wAAAAJ&hl=en,,,,,56.478
Jalal Naghiyev,https://scholar.google.com/citations?user=8973V0wAAAAJ&hl=en,,,,,56.478
Ivan Koltsov,https://scholar.google.com/citations?user=8973V0wAAAAJ&hl=en,,,,,56.478
Lyudmila Cheldieva,https://scholar.google.com/citations?user=8973V0wAAAAJ&hl=en,,,,,56.478
Egor Urvanov,https://scholar.google.com/citations?user=8973V0wAAAAJ&hl=en,,,,,56.478
Patrick Gallinari,https://scholar.google.com/citations?user=rFaxB20AAAAJ&hl=en,,,,,133.488
Sylvestre-Alvise Rebuffi,https://scholar.google.com.ar/citations?user=swP3h24AAAAJ&hl=en,,,,,49.518
Pierre Fernandez,https://scholar.google.com/citations?user=osCX1YQAAAAJ&hl=en,,,,,38.413
Hady Elsahar,https://scholar.google.com/citations?user=SbcM6bsAAAAJ&hl=en,,,,,53.611
Valeriu Lacatusu,https://scholar.google.com/citations?user=8973V0wAAAAJ&hl=en,,,,,56.478
Tuan A. Tran,https://scholar.google.com/citations?user=sU49BQPNv30C&hl=en,,,,,62.893
Alexandre Mourachko,https://scholar.google.com/citations?user=OD9-erYAAAAJ&hl=en,,,,,26.599
Alain Oliviero Durmus,https://scholar.google.fr/citations?user=nqLKv6EAAAAJ&hl=en,,,,,84.748
Darin Tsui,https://scholar.google.com/citations?user=8973V0wAAAAJ&hl=en,,,,,56.478
Aryan Musharaf,https://scholar.google.com/citations?user=8973V0wAAAAJ&hl=en,,,,,56.478
Simone Carnemolla,https://scholar.google.com/citations?user=8973V0wAAAAJ&hl=en,,,,,56.478
Sarinda Samarasinghe,https://scholar.google.com/citations?user=8973V0wAAAAJ&hl=en,,,,,56.478
Giovanni Bellitto,https://scholar.google.com/citations?user=8973V0wAAAAJ&hl=en,,,,,56.478
Simone Palazzo,https://scholar.google.com/citations?user=yJr6TqAAAAAJ,,,,,66.866
Daniela Giordano,https://scholar.google.com/citations?user=BR50mBUAAAAJ&hl=en,,,,,95.102
Concetto Spampinato,https://scholar.google.com/citations?user=Xc2rx8j4O7UC&hl=en,,,,,116.734
Yeonjoon Jung,https://scholar.google.com/citations?user=8973V0wAAAAJ&hl=en,,,,,56.478
Eunhyeok Park,https://scholar.google.co.in/citations?user=pBr1GV4AAAAJ&hl=en,,,,,39.821
Michael Tschannen,https://scholar.google.com/citations?user=TSj_8nYAAAAJ&hl=en,,,,,90.763
Neelay Velingker,https://scholar.google.com/citations?user=8973V0wAAAAJ&hl=en,,,,,56.478
Ser-Nam Lim,https://scholar.google.com/citations?user=HX0BfLYAAAAJ&hl=en,,,,,131.757
Mayur Naik,https://scholar.google.com/citations?user=fmsV6nEAAAAJ&hl=en,,,,,102.51
Zehan Wang,https://scholar.google.com/citations?user=8973V0wAAAAJ&hl=en,,,,,56.478
Ziang Zhang,https://scholar.google.com/citations?user=8973V0wAAAAJ&hl=en,,,,,56.478
Jialei Wang,https://scholar.google.com/citations?user=g3t0ihoAAAAJ&hl=en,,,,,58.074
Zhou Zhao,https://scholar.google.com/citations?user=8973V0wAAAAJ&hl=en,,,,,56.478
Shuran Song,https://scholar.google.com/citations?user=5031vK4AAAAJ&hl=en,,,,,190.0
Lvmin Zhang,https://scholar.google.com/citations?user=8973V0wAAAAJ&hl=en,,,,,56.478
Shengqu Cai,https://scholar.google.com/citations?user=8973V0wAAAAJ&hl=en,,,,,56.478
Muyang Li,https://scholar.google.com/citations?user=f_sApl4AAAAJ&hl=en,,,,,34.072
Gordon Wetzstein,https://scholar.google.com.my/citations?user=VOf45S0AAAAJ&hl=en,,,,,239.526
Maneesh Agrawala,https://scholar.google.com/citations?user=YPzKczYAAAAJ&hl=en,,,,,225.123
Sarthak Jain,https://scholar.google.com.ar/citations?user=ng6th5cAAAAJ&hl=en,,,,,36.666
Samuel C. Curran,https://scholar.google.com/citations?user=8973V0wAAAAJ&hl=en,,,,,56.478
Alexander M. Hoffnagle,https://scholar.google.com/citations?user=8973V0wAAAAJ&hl=en,,,,,56.478
Michael Martyn,https://scholar.google.com/citations?user=8973V0wAAAAJ&hl=en,,,,,56.478
Stephen Nayfach,https://scholar.google.com/citations?user=gmKnjNQAAAAJ&hl=en,,,,,77.7
Jeffrey A. Ruffolo,https://scholar.google.com/citations?user=YOOIYogAAAAJ&hl=en,,,,,36.528
Jiatao Gu,https://scholar.google.com/citations?user=cB1mFBsAAAAJ&hl=en,,,,,130.798
David Berthelot,https://scholar.google.com/citations?user=46--eogAAAAJ&hl=en,,,,,56.817
Huangjie Zheng,https://scholar.google.com/citations?user=Vl5wCXsAAAAJ&hl=en,,,,,49.194
Ruixiang ZHANG,https://scholar.google.com/citations?user=VQYdApgAAAAJ&hl=en,,,,,32.964
Laurent Dinh,https://scholar.google.com/citations?user=h7OHSkoAAAAJ&hl=en,,,,,58.328
Miguel Ángel Bautista,https://scholar.google.com/citations?user=ZrRs-qoAAAAJ&hl=en,,,,,59.662
Joshua M. Susskind,https://scholar.google.com/citations?user=Sv2TGqsAAAAJ&hl=en,,,,,96.547
Shuangfei Zhai,https://scholar.google.com.my/citations?user=G6vdBYsAAAAJ&hl=en,,,,,66.67699999999999
Xiangqi Wang,https://scholar.google.com/citations?user=8973V0wAAAAJ&hl=en,,,,,56.478
Yue Huang,https://scholar.google.com/citations?user=8973V0wAAAAJ&hl=en,,,,,56.478
Xiangliang Zhang,https://scholar.google.com.hk/citations?user=BhRJe4wAAAAJ&hl=en,,,,,164.56
Huiyang Shao,https://scholar.google.com/citations?user=8973V0wAAAAJ&hl=en,,,,,56.478
Xuefeng Xiao,https://scholar.google.com/citations?user=CVkM9TQAAAAJ&hl=en,,,,,65.813
Andrew Liu,https://scholar.google.com/citations?user=tZprM8IAAAAJ&hl=en,,,,,14.854
Nathan Russell,https://scholar.google.com/citations?user=8973V0wAAAAJ&hl=en,,,,,56.478
Gurinder S. Atwal,https://scholar.google.com/citations?user=8973V0wAAAAJ&hl=en,,,,,56.478
Yih-En Andrew Ban,https://scholar.google.com/citations?user=8973V0wAAAAJ&hl=en,,,,,56.478
Weiqing He,https://scholar.google.com/citations?user=8973V0wAAAAJ&hl=en,,,,,56.478
Xiang Li,https://scholar.google.com/citations?user=MjkwwiQAAAAJ&hl=en,,,,,124.741
Tianqi Shang,https://scholar.google.com/citations?user=8973V0wAAAAJ&hl=en,,,,,56.478
Li Shen,https://scholar.google.com/citations?user=yVhgENIAAAAJ&hl=en&oi=ao,,,,,123.372
Weijie J Su,https://scholar.google.com/citations?user=8973V0wAAAAJ&hl=en,,,,,56.478
Santiago Zazo,https://scholar.google.com/citations?user=kNhqGMwAAAAJ&hl=en,,,,,61.434
Isabel Valera,https://scholar.google.co.in/citations?user=cpdQqpsAAAAJ&hl=en,,,,,70.928
Zhengyi Wang,https://scholar.google.com/citations?user=dtuPuRQAAAAJ&hl=en,,,,,37.96
Ruowen Zhao,https://scholar.google.com/citations?user=8973V0wAAAAJ&hl=en,,,,,56.478
Shenghao Xie,https://scholar.google.com/citations?user=8973V0wAAAAJ&hl=en,,,,,56.478
Jun Zhu,https://scholar.google.com/citations?user=f8XXYioAAAAJ&hl=en,,,,,48.301
Tianqi Chen,https://scholar.google.co.in/citations?user=7nlvOMQAAAAJ&hl=de,,,,,90.0
Beidi Chen,https://scholar.google.com/citations?user=jCNJhFcAAAAJ&hl=en,,,,,78.602
Naga Sai Abhiram kusumba,https://scholar.google.com/citations?user=8973V0wAAAAJ&hl=en,,,,,56.478
Chitta Baral,https://scholar.google.com.sg/citations?user=9Yd716IAAAAJ&hl=en,,,,,140.602
Yezhou Yang,https://scholar.google.com/citations?user=k2suuZgAAAAJ&hl=en,,,,,94.127
Yinjie Wang,https://scholar.google.com/citations?user=8973V0wAAAAJ&hl=en,,,,,56.478
Ling Yang,https://scholar.google.com/citations?user=8973V0wAAAAJ&hl=en,,,,,56.478
Tuan Le,https://scholar.google.com/citations?user=UhMpykQAAAAJ&hl=en,,,,,86.268
Djork-Arné Clevert,https://scholar.google.cl/citations?user=id2clmMAAAAJ&hl=en,,,,,94.735
Jeongsol Kim,https://scholar.google.com/citations?user=ZaVNwcQAAAAJ&hl=en,,,,,26.373
Jong Chul Ye,https://scholar.google.com/citations?user=HNMjoNEAAAAJ&hl=en,,,,,220.853
Teodora Reu,https://scholar.google.com/citations?user=8973V0wAAAAJ&hl=en,,,,,56.478
Sixtine Dromigny,https://scholar.google.com/citations?user=8973V0wAAAAJ&hl=en,,,,,56.478
Francisco Vargas,https://scholar.google.com/citations?user=Jq_8e-wAAAAJ&hl=en,,,,,63.601
Spyros Gidaris,https://scholar.google.com/citations?user=7atfg7EAAAAJ&hl=en,,,,,57.434
Nikos Komodakis,https://scholar.google.com/citations?user=xCPoT4EAAAAJ&hl=en,,,,,150.176
Zhaoyang Wang,https://scholar.google.com/citations?user=8973V0wAAAAJ&hl=en,,,,,56.478
Haonian Ji,https://scholar.google.com/citations?user=8973V0wAAAAJ&hl=en,,,,,56.478
Shi Qiu,https://scholar.google.com/citations?user=ThTNNXsAAAAJ&hl=en,,,,,44.056
Kexin Geng,https://scholar.google.com/citations?user=8973V0wAAAAJ&hl=en,,,,,56.478
Zhongkai Xue,https://scholar.google.com/citations?user=8973V0wAAAAJ&hl=en,,,,,56.478
Yiyang Zhou,https://scholar.google.com.my/citations?user=6KltFMAAAAAJ&hl=en,,,,,39.39
Mingyu Ding,https://scholar.google.com/citations?user=w4yTWwoAAAAJ&hl=en,,,,,85.059
Huaxiu Yao,https://scholar.google.com.my/citations?user=A20BZnQAAAAJ&hl=en,,,,,123.15899999999999
Huacan Wang,https://scholar.google.com/citations?user=8973V0wAAAAJ&hl=en,,,,,56.478
Shuo Lu,https://scholar.google.com/citations?user=8973V0wAAAAJ&hl=en,,,,,56.478
Jiaye Lin,https://scholar.google.com/citations?user=8973V0wAAAAJ&hl=en,,,,,56.478
Kai He,https://scholar.google.com/citations?user=rmrO1sQAAAAJ&hl=en,,,,,87.788
Jacob Munkberg,https://scholar.google.com/citations?user=ELzudd8AAAAJ&hl=en,,,,,59.585
Jon Hasselgren,https://scholar.google.cl/citations?user=0SQc9YgAAAAJ&hl=en,,,,,70.624
Nandita Vijaykumar,https://scholar.google.com.my/citations?user=y7erynoAAAAJ&hl=en,,,,,55.597
Alexander Keller,https://scholar.google.com.sg/citations?user=RSmdZ3kAAAAJ&hl=en,,,,,106.124
Sanja Fidler,https://scholar.google.com/citations?user=CUlqK5EAAAAJ&hl=en,,,,,270.0
Zan Gojcic,https://scholar.google.com/citations?user=8KsqL4gAAAAJ&hl=en,,,,,59.287
Zian Wang,https://scholar.google.com/citations?user=8973V0wAAAAJ&hl=en,,,,,56.478
Xiaomin Li,https://scholar.google.com/citations?user=vGQQOigAAAAJ&hl=en,,,,,36.583
Zhiwei Zhang,https://scholar.google.com/citations?user=8973V0wAAAAJ&hl=en,,,,,56.478
Narayanan Sadagopan,https://scholar.google.com.tr/citations?user=Qw1vm-oAAAAJ&hl=en,,,,,43.098
Ye Shi,https://scholar.google.com/citations?user=icBD_SMAAAAJ&hl=en,,,,,78.44200000000001
Lingxiao Yang,https://scholar.google.com/citations?user=jUDQ8OUAAAAJ&hl=en,,,,,49.49
Jingya Wang,https://scholar.google.com/citations?user=p68B-CMAAAAJ&hl=en,,,,,105.298
Kyle Richardson,https://scholar.google.com/citations?user=8973V0wAAAAJ&hl=en,,,,,56.478
Steeve Laquitaine,https://scholar.google.com/citations?user=8973V0wAAAAJ&hl=en,,,,,56.478
Ge Wu,https://scholar.google.com/citations?user=8973V0wAAAAJ&hl=en,,,,,56.478
Shen Zhang,https://scholar.google.com/citations?user=8973V0wAAAAJ&hl=en,,,,,56.478
Ruijing Shi,https://scholar.google.com/citations?user=9NmdkmwAAAAJ&hl=en,,,,,53.835
Shanghua Gao,https://scholar.google.com/citations?user=zW32dXsAAAAJ&hl=en,,,,,54.135
Lei Wang,https://scholar.google.com/citations?user=qQWwLjUAAAAJ&hl=en,,,,,102.428
Hongcheng Gao,https://scholar.google.com/citations?user=pF5p7_IAAAAJ&hl=en,,,,,53.92
Yao Tang,https://scholar.google.com/citations?user=8973V0wAAAAJ&hl=en,,,,,56.478
jian Yang,https://scholar.google.com/citations?user=aLuqQs8AAAAJ&hl=en,,,,,296.0
Ming-Ming Cheng,https://scholar.google.com/citations?user=huWpVyEAAAAJ&hl=en,,,,,278.0
Zachary E Ross,https://scholar.google.com.co/citations?user=TkptHQIAAAAJ&hl=en,,,,,91.806
Domniki Asimaki,https://scholar.google.com/citations?user=o5_Mbh8AAAAJ&hl=en,,,,,67.627
Kamyar Azizzadenesheli,https://scholar.google.com/citations?user=Odek140AAAAJ&hl=en,,,,,127.176
Zekai Zhang,https://scholar.google.com/citations?user=8973V0wAAAAJ&hl=en,,,,,56.478
Molei Tao,https://scholar.google.com/citations?user=r4V8UdYAAAAJ&hl=en,,,,,54.437
Qing Qu,https://scholar.google.com/citations?user=8973V0wAAAAJ&hl=en,,,,,56.478
Xinyu Feng,https://scholar.google.com/citations?user=SuTEZ6EAAAAJ&hl=en,,,,,52.247
Zeyu Zhang,https://scholar.google.com/citations?user=8973V0wAAAAJ&hl=en,,,,,56.478
Yizeng Han,https://scholar.google.com/citations?user=25mubAsAAAAJ&hl=en,,,,,56.475
Jiasheng Tang,https://scholar.google.com/citations?user=8973V0wAAAAJ&hl=en,,,,,56.478
Jichao Wu,https://scholar.google.com/citations?user=8973V0wAAAAJ&hl=en,,,,,56.478
Jiahao He,https://scholar.google.com/citations?user=8973V0wAAAAJ&hl=en,,,,,56.478
Gholamreza Haffari,https://scholar.google.com/citations?user=Perjx5EAAAAJ&hl=en,,,,,130.747
Shuhai Zhang,https://scholar.google.com/citations?user=8973V0wAAAAJ&hl=en,,,,,56.478
ZiHao Lian,https://scholar.google.com/citations?user=9NmdkmwAAAAJ&hl=en,,,,,53.835
Daiyuan Li,https://scholar.google.com/citations?user=8973V0wAAAAJ&hl=en,,,,,56.478
Feng Liu,https://scholar.google.com/citations?user=8973V0wAAAAJ&hl=en,,,,,56.478
Mingkui Tan,https://scholar.google.com/citations?user=EVsoTGkAAAAJ&hl=en,,,,,156.172
Dongwoo Kim,https://scholar.google.com/citations?user=BycdSYYAAAAJ&hl=en,,,,,84.881
Shuyang Xu,https://scholar.google.com/citations?user=8973V0wAAAAJ&hl=en,,,,,56.478
Zhiyang Dou,https://scholar.google.com/citations?user=SLRYlKsAAAAJ&hl=en,,,,,48.523
Liang Pan,https://scholar.google.com/citations?user=8973V0wAAAAJ&hl=en,,,,,56.478
Jingbo Wang,https://scholar.google.com/citations?user=8973V0wAAAAJ&hl=en,,,,,56.478
Yuan Liu,https://scholar.google.com.mx/citations?user=6G30WxwAAAAJ&hl=en,,,,,62.748999999999995
Cheng Lin,https://scholar.google.com/citations?user=KAL4c2cAAAAJ,,,,,53.794
Yuexin Ma,https://scholar.google.com/citations?user=DIsP7rUAAAAJ&hl=en,,,,,90.42699999999999
Wenping Wang,https://scholar.google.com/citations?user=8973V0wAAAAJ&hl=en,,,,,56.478
Taku Komura,https://scholar.google.com/citations?user=TApLOhkAAAAJ&hl=en,,,,,127.419
Nicholas Jiang,https://scholar.google.com/citations?user=8973V0wAAAAJ&hl=en,,,,,56.478
Alexei A Efros,https://scholar.google.com/citations?user=d97bGd8AAAAJ,,,,,280.0
Yossi Gandelsman,https://scholar.google.com/citations?user=71L4yYMAAAAJ&hl=en,,,,,40.686
Sherry Yang,https://scholar.google.com.my/citations?user=7c1B_fIAAAAJ&hl=en,,,,,70.91499999999999
Yilong Zhao,https://scholar.google.com/citations?user=xpY4dywAAAAJ,,,,,22.185
Yujun Lin,https://scholar.google.com/citations?user=V64dmUAAAAAJ&hl=en,,,,,66.41499999999999
Xiuyu Li,https://scholar.google.co.in/citations?user=Kq0feJIAAAAJ&hl=en,,,,,45.244
Kelly Peng,https://scholar.google.com/citations?user=8973V0wAAAAJ&hl=en,,,,,56.478
Jianfei Chen,https://scholar.google.com/citations?user=EO2PG-8AAAAJ&hl=en,,,,,134.199
Kurt Keutzer,https://scholar.google.com/citations?user=ID9QePIAAAAJ&hl=en,,,,,296.0
Ion Stoica,https://scholar.google.com/citations?user=vN-is70AAAAJ&hl=en,,,,,406.0
Yusuke Kato,https://scholar.google.com/citations?user=Y4i8JWMAAAAJ&hl=en,,,,,53.188
Kazuki Kozuka,https://scholar.google.com/citations?user=_Fq6uvQAAAAJ&hl=en,,,,,42.121
Jason Kuen,https://scholar.google.com/citations?user=e6u7GlQAAAAJ&hl=en,,,,,63.888999999999996
Zhe Lin,https://scholar.google.com/citations?user=8973V0wAAAAJ&hl=en,,,,,56.478
Kai-Wei Chang,https://scholar.google.com/citations?user=fqDBtzYAAAAJ&hl=en,,,,,224.0
Jindong Gu,https://scholar.google.com/citations?user=mj3ff80AAAAJ&hl=en,,,,,83.473
Philip Torr,https://scholar.google.com/citations?user=kPxa2w0AAAAJ&hl=en&oi=sra,,,,,354.0
Dongzhan Zhou,https://scholar.google.com/citations?user=Ox6SxpoAAAAJ&hl=en,,,,,46.304
Wenda Li,https://scholar.google.com/citations?user=ufYxQkEAAAAJ&hl=en,,,,,38.329
Federico Raue,https://scholar.google.co.id/citations?user=Jx9-sU0AAAAJ&hl=en,,,,,34.462
Andreas Dengel,https://scholar.google.com/citations?user=p3YP0DMAAAAJ&hl=en,,,,,168.018
Bor-Jiun Lin,https://scholar.google.com/citations?user=8973V0wAAAAJ&hl=en,,,,,56.478
Junfeng Wu,https://scholar.google.com/citations?user=tfkculkAAAAJ&hl=en,,,,,69.428
Jihan Yang,https://scholar.google.com/citations?user=zWfNZnIAAAAJ&hl=en,,,,,40.843
Zehuan Yuan,https://scholar.google.com/citations?user=FqMOHnEAAAAJ&hl=en,,,,,98.987
BINGYUE PENG,https://scholar.google.com/citations?user=2IMt9XsAAAAJ&hl=en,,,,,26.486
XIAOJUAN QI,https://scholar.google.com.my/citations?user=bGn0uacAAAAJ&hl=en,,,,,193.365
Michael Poli,https://scholar.google.com.co/citations?user=RgIBwboAAAAJ&hl=en,,,,,48.19
Manling Li,https://scholar.google.com.tr/citations?user=6U4SXnUAAAAJ&hl=en,,,,,70.009
Agrim Gupta,https://scholar.google.com/citations?user=AxzVaI8AAAAJ&hl=en,,,,,49.948
Stefano Massaroli,https://scholar.google.com/citations?user=IwCfl4UAAAAJ&hl=en,,,,,40.672
Azalia Mirhoseini,https://scholar.google.com/citations?user=I1nZzWsAAAAJ&hl=en,,,,,104.288
Juan Carlos Niebles,https://scholar.google.com/citations?user=hqNhUCYAAAAJ&hl=en,,,,,181.196
Stefano Ermon,https://scholar.google.com/citations?user=ogXTOZ4AAAAJ&hl=en,,,,,280.0
Li Fei-Fei,https://scholar.google.com.ar/citations?user=rDfyQnIAAAAJ&hl=en,,,,,400.0
Danfei Xu,https://scholar.google.com.tw/citations?user=J5D4kcoAAAAJ&hl=en,,,,,99.722
Ruoxin Chen,https://scholar.google.com/citations?user=8973V0wAAAAJ&hl=en,,,,,56.478
Junwei Xi,https://scholar.google.com/citations?user=8973V0wAAAAJ&hl=en,,,,,56.478
Zhiyuan Yan,https://scholar.google.com.co/citations?user=ob-dm5AAAAAJ&hl=en,,,,,40.133
Jingyi Xie,https://scholar.google.com/citations?user=DZYPj3sAAAAJ&hl=en,,,,,26.586
Lei Xu,https://scholar.google.com/citations?user=Bpg1ru0AAAAJ&hl=en,,,,,51.594
Taiping Yao,https://scholar.google.com/citations?user=qkpaPuAAAAAJ&hl=en,,,,,70.903
Shouhong Ding,https://scholar.google.co.in/citations?user=OGf40fkAAAAJ&hl=en,,,,,117.499
Jonathan Kao,https://scholar.google.com/citations?user=9Pu0NtAAAAAJ&hl=en,,,,,69.05199999999999
Kunyu Peng,https://scholar.google.com/citations?user=pA9c0YsAAAAJ&hl=en,,,,,48.258
Kailun Yang,https://scholar.google.com/citations?user=pKFqWhgAAAAJ&hl=en,,,,,99.932
Chongqing Hao,https://scholar.google.com/citations?user=8973V0wAAAAJ&hl=en,,,,,56.478
Rainer Stiefelhagen,https://scholar.google.com/citations?user=SFCOJxMAAAAJ&hl=en,,,,,197.914
Kai Liu,https://scholar.google.com/citations?user=26jw6VgAAAAJ&hl=en,,,,,137.235
Jungang Li,https://scholar.google.com/citations?user=8973V0wAAAAJ&hl=en,,,,,56.478
Yuchong Sun,https://scholar.google.com/citations?user=8973V0wAAAAJ&hl=en,,,,,56.478
Shengqiong Wu,https://scholar.google.com/citations?user=RJJLKR0AAAAJ&hl=en,,,,,67.243
jianzhang gao,https://scholar.google.com/citations?user=8973V0wAAAAJ&hl=en,,,,,56.478
Daoan Zhang,https://scholar.google.com/citations?user=8973V0wAAAAJ&hl=en,,,,,56.478
Wei Zhang,https://scholar.google.com/citations?user=0eQKUOkAAAAJ&hl=en,,,,,57.367
Geng Zhan,https://scholar.google.com/citations?user=8973V0wAAAAJ&hl=en,,,,,56.478
Jiayi Ji,https://scholar.google.com/citations?user=xp_rICcAAAAJ&hl=en,,,,,52.868
Liang Zheng,https://scholar.google.com.my/citations?user=vNHqr3oAAAAJ&hl=en,,,,,175.914
Shuicheng YAN,https://scholar.google.com/citations?user=8973V0wAAAAJ&hl=en,,,,,56.478
Tat-Seng Chua,https://scholar.google.com/citations?user=3kz6GDEAAAAJ&hl=en,,,,,346.0
Pinar Yanardag,https://scholar.google.com/citations?user=qzczdd8AAAAJ&hl=en,,,,,32.903999999999996
Jiaru Zou,https://scholar.google.com/citations?user=8973V0wAAAAJ&hl=en,,,,,56.478
Jingrui He,https://scholar.google.com.ec/citations?user=hXpZynkAAAAJ&hl=en,,,,,104.709
Masha Itkina,https://scholar.google.com/citations?user=JAmTk5gAAAAJ&hl=en,,,,,36.787
Florian Shkurti,https://scholar.google.com.co/citations?user=BDmtLHsAAAAJ&hl=en,,,,,65.975
Fuyuan Shi,https://scholar.google.com/citations?user=8973V0wAAAAJ&hl=en,,,,,56.478
Chao Tan,https://scholar.google.com/citations?user=8973V0wAAAAJ&hl=en,,,,,56.478
Zhaoxiang Liu,https://scholar.google.com/citations?user=8973V0wAAAAJ&hl=en,,,,,56.478
Kai Wang,https://scholar.google.com/citations?user=J_veo1sAAAAJ&hl=en,,,,,226.0
Shiguo Lian,https://scholar.google.com.co/citations?user=kCC2oKwAAAAJ&hl=en,,,,,106.938
Hongjin Qian,https://scholar.google.com/citations?user=8973V0wAAAAJ&hl=en,,,,,56.478
Zheng Liu,https://scholar.google.com/citations?user=tej8f-4AAAAJ&hl=en,,,,,340.0
Zhaoxi Chen,https://scholar.google.com.pk/citations?user=HsV0WbwAAAAJ&hl=en,,,,,42.784
Ziwei Liu,https://scholar.google.com/citations?user=8973V0wAAAAJ&hl=en,,,,,56.478
Hang Zhou,https://scholar.google.com/citations?user=HkELSAoAAAAJ&hl=en,,,,,83.79
Jianmin Wang,https://scholar.google.com.br/citations?user=nFNpT_AAAAAJ&hl=en,,,,,131.056
Mingsheng Long,https://scholar.google.com/citations?user=_MjXpXkAAAAJ&hl=en,,,,,228.0
Jinlai Liu,https://scholar.google.com/citations?user=8973V0wAAAAJ&hl=en,,,,,56.478
Bin Yan,https://scholar.google.com/citations?user=xB8Izl8AAAAJ&hl=en,,,,,120.007
Hao Zhang,https://scholar.google.com/citations?user=H1d4BS8AAAAJ&hl=en,,,,,118.44800000000001
Narendra Ahuja,https://scholar.google.com/citations?user=dY7OSl0AAAAJ&hl=en,,,,,231.522
Varun Jampani,https://scholar.google.com.co/citations?user=1Cv6Sf4AAAAJ&hl=en,,,,,148.427
Shengyu Huang,https://scholar.google.com/citations?user=8973V0wAAAAJ&hl=en,,,,,56.478
Iro Armeni,https://scholar.google.com/citations?user=m2oTZkIAAAAJ&hl=en&oi=ao,,,,,42.798
Zirui Wang,https://scholar.google.com/citations?user=8973V0wAAAAJ&hl=en,,,,,56.478
James Matthew Rehg,https://scholar.google.com.co/citations?user=8kA3eDwAAAAJ&hl=en,,,,,237.242
Zhenyuan Qin,https://scholar.google.com/citations?user=8973V0wAAAAJ&hl=en,,,,,56.478
Henghui Ding,https://scholar.google.com/citations?user=WI_flSwAAAAJ&hl=en,,,,,110.883
Zhizhong Li,https://scholar.google.com/citations?user=xbxhxukAAAAJ&hl=en,,,,,59.68
Lingjuan Lyu,https://scholar.google.com/citations?user=0Om30ZUAAAAJ&hl=en&oi=ao,,,,,148.40800000000002
Jing Xu,https://scholar.google.com/citations?user=8973V0wAAAAJ&hl=en,,,,,56.478
Jiaao Yu,https://scholar.google.com/citations?user=8973V0wAAAAJ&hl=en,,,,,56.478
Biwen Lei,https://scholar.google.com/citations?user=8973V0wAAAAJ&hl=en,,,,,56.478
Zhuo Chen,https://scholar.google.com/citations?user=GOeExp0AAAAJ&hl=en,,,,,43.309
Chunchao Guo,https://scholar.google.com/citations?user=8973V0wAAAAJ&hl=en,,,,,56.478
Jie Liang,https://scholar.google.com.hk/citations?user=ZZ4kQeMAAAAJ&hl=en,,,,,150.472
Lei Zhang,https://scholar.google.com.sg/citations?user=0Kg6Gi4AAAAJ&hl=en,,,,,77.119
Yi Dong,https://scholar.google.com/citations?user=zi7HZ-MAAAAJ&hl=en,,,,,28.318
Yuxi Wang,https://scholar.google.com/citations?user=8973V0wAAAAJ&hl=en,,,,,56.478
Zhiqi Shen,https://scholar.google.com/citations?user=EA2T_lwAAAAJ&hl=en,,,,,99.144
Peiran Ren,https://scholar.google.nl/citations?user=x5dEuxsAAAAJ&hl=en,,,,,57.663
Rynson W. H. Lau,https://scholar.google.com/citations?user=KilQqKYAAAAJ&hl=en,,,,,146.853
Mengwei Xie,https://scholar.google.com/citations?user=8973V0wAAAAJ&hl=en,,,,,56.478
Xinran Liu,https://scholar.google.com/citations?user=8973V0wAAAAJ&hl=en,,,,,56.478
Mu Xu,https://scholar.google.com/citations?user=8973V0wAAAAJ&hl=en,,,,,56.478
Yu Guo,https://scholar.google.com/citations?user=kOf2We8AAAAJ&hl=en,,,,,56.76
Shengfeng He,https://scholar.google.com/citations?user=rBWnK8wAAAAJ&hl=en,,,,,97.1
Haonan An,https://scholar.google.com/citations?user=8973V0wAAAAJ&hl=en,,,,,56.478
Yuguang Fang,https://scholar.google.com/citations?user=cs45mqMAAAAJ&hl=en,,,,,229.687
Chenxi Xie,https://scholar.google.com/citations?user=8973V0wAAAAJ&hl=en,,,,,56.478
Shuai Li,https://scholar.google.com/citations?user=H8UOWqoAAAAJ&hl=en,,,,,207.421
Yuhui Wu,https://scholar.google.com/citations?user=bOQGfFIAAAAJ&hl=en,,,,,119.16
Zhenheng Yang,https://scholar.google.com.pk/citations?user=Ds5wwRoAAAAJ&hl=en,,,,,56.388
Huaibo Huang,https://scholar.google.com.my/citations?user=XMvLciUAAAAJ&hl=en,,,,,70.758
Haonan Wang,https://scholar.google.com/citations?user=8973V0wAAAAJ&hl=en,,,,,56.478
Haoyue Liu,https://scholar.google.com/citations?user=8973V0wAAAAJ&hl=en,,,,,56.478
Xiang Bai,https://scholar.google.com/citations?user=8973V0wAAAAJ&hl=en,,,,,56.478
Jiwen Liu,https://scholar.google.com/citations?user=TN8uDQoAAAAJ&hl=en,,,,,275.039
Haoxian Zhang,https://scholar.google.com/citations?user=8973V0wAAAAJ&hl=en,,,,,56.478
Xiaoqiang Liu,https://scholar.google.com/citations?user=8973V0wAAAAJ&hl=en,,,,,56.478
Songlin Tang,https://scholar.google.com/citations?user=8973V0wAAAAJ&hl=en,,,,,56.478
Pengfei Wan,https://scholar.google.com/citations?user=8973V0wAAAAJ&hl=en,,,,,56.478
Naifu Liang,https://scholar.google.com/citations?user=8973V0wAAAAJ&hl=en,,,,,56.478
Zhen Luo,https://scholar.google.com/citations?user=8973V0wAAAAJ&hl=en,,,,,56.478
Ran Yi,https://scholar.google.com/citations?user=8973V0wAAAAJ&hl=en,,,,,56.478
Zhaoyang Lyu,https://scholar.google.com/citations?user=gkXFhbwAAAAJ&hl=en,,,,,32.319
Lizhuang Ma,https://scholar.google.com.sg/citations?user=yd58y_0AAAAJ&hl=en,,,,,141.237
Jiangmiao Pang,https://scholar.google.com/citations?user=ssSfKpAAAAAJ&hl=en,,,,,118.475
Xun Huang,https://scholar.google.com/citations?user=7kTJvVAAAAAJ&hl=en,,,,,69.471
Zhengqi Li,https://scholar.google.com.my/citations?user=QLW0lzcAAAAJ&hl=en,,,,,54.028999999999996
Mingyuan Zhou,https://scholar.google.com.my/citations?user=LXwCIisAAAAJ&hl=en,,,,,126.734
Eli Shechtman,https://scholar.google.com/citations?user=B_FTboQAAAAJ&hl=en,,,,,216.0
Canyu Zhao,https://scholar.google.com/citations?user=8973V0wAAAAJ&hl=en,,,,,56.478
Yanlong Sun,https://scholar.google.com/citations?user=8973V0wAAAAJ&hl=en,,,,,56.478
Mingyu Liu,https://scholar.google.com/citations?user=y-f-MZgAAAAJ&hl=en,,,,,186.0
Tong He,https://scholar.google.com/citations?user=v6o-fksAAAAJ&hl=en,,,,,35.881
Chunhua Shen,https://scholar.google.com/citations?user=Ljk2BvIAAAAJ&hl=en,,,,,352.0
Zhengyang Geng,https://scholar.google.co.in/citations?user=lNkw3QYAAAAJ&hl=en,,,,,32.091
Xingjian Bai,https://scholar.google.com/citations?user=8973V0wAAAAJ&hl=en,,,,,56.478
J Zico Kolter,https://scholar.google.com/citations?user=UXh1I6UAAAAJ&hl=en,,,,,234.0
Kaiming He,https://scholar.google.co.in/citations?user=DhtAFkwAAAAJ&hl=en,,,,,202.0
Zhangyang Gao,https://scholar.google.co.id/citations?user=4SclT-QAAAAJ&hl=en,,,,,58.647999999999996
Cheng Tan,https://scholar.google.com.sg/citations?user=NUbYZ50AAAAJ&hl=en,,,,,43.255
Shiguang Shan,https://scholar.google.com/citations?user=Vkzd7MIAAAAJ&hl=en,,,,,264.094
Zixiang Zhao,https://scholar.google.com/citations?user=8973V0wAAAAJ&hl=en,,,,,56.478
Haowen Bai,https://scholar.google.com/citations?user=8973V0wAAAAJ&hl=en,,,,,56.478
Yukun Cui,https://scholar.google.com/citations?user=8973V0wAAAAJ&hl=en,,,,,56.478
Lilun Deng,https://scholar.google.com/citations?user=8973V0wAAAAJ&hl=en,,,,,56.478
Konrad Schindler,https://scholar.google.com/citations?user=FZuNgqIAAAAJ&hl=en,,,,,222.934
Tian Jin,https://scholar.google.com.tr/citations?user=4r-Njt0AAAAJ&hl=en,,,,,70.123
Guoren Wang,https://scholar.google.com/citations?user=8973V0wAAAAJ&hl=en,,,,,56.478
Xuanyu Zhang,https://scholar.google.com/citations?user=8973V0wAAAAJ&hl=en,,,,,56.478
Shijie Zhao,https://scholar.google.com/citations?user=a54qrooAAAAJ&hl=en,,,,,52.053
Yabin ZHANG,https://scholar.google.com/citations?user=p0GLwtoAAAAJ&hl=en,,,,,42.119
Junlin Li,https://scholar.google.com/citations?user=8973V0wAAAAJ&hl=en,,,,,56.478
Li zhang,https://scholar.google.com/citations?user=noZFyGsAAAAJ&hl=en,,,,,220.85
Jian Zhang,https://scholar.google.com/citations?user=Z_CRrRwAAAAJ&hl=en,,,,,105.612
Kashyap Chitta,https://scholar.google.com.co/citations?user=vX5i2CcAAAAJ&hl=en,,,,,56.65
Shenyuan Gao,https://scholar.google.com/citations?user=hZtOnecAAAAJ&hl=en,,,,,24.25
Long Chen,https://scholar.google.com/citations?user=vicu3yEAAAAJ&hl=en,,,,,100.413
Yuqian Shao,https://scholar.google.com/citations?user=8973V0wAAAAJ&hl=en,,,,,56.478
Xiaosong Jia,https://scholar.google.com/citations?user=JeFQwxUAAAAJ&hl=en,,,,,46.558
Xiangyu Yue,https://scholar.google.co.id/citations?user=-xQ-C1sAAAAJ&hl=en,,,,,91.118
